id,cd_acao_rdz,nm_empresa,setor_economico,subsetor,segmento,segmento_b3,nm_segmento_b3,cd_acao,tx_cnpj,vl_cnpj,created_at,updated_at
1,CSAN,COSAN,"PETRÓLEO, GÁS E BIOCOMBUSTÍVEIS","PETRÓLEO, GÁS E BIOCOMBUSTÍVEIS","EXPLORAÇÃO, REFINO E DISTRIBUIÇÃO",NM,,CSAN3,50.746.577/0001-15,50746577000115,2021-10-22 01:00:01.000000 UTC,2021-10-22 01:00:01.000000 UTC
3,ENAT,ENAUTA PART,"PETRÓLEO, GÁS E BIOCOMBUSTÍVEIS","PETRÓLEO, GÁS E BIOCOMBUSTÍVEIS","EXPLORAÇÃO, REFINO E DISTRIBUIÇÃO",NM,,ENAT3,11.669.021/0001-10,11669021000110,2021-10-22 01:00:01.000000 UTC,2021-10-22 01:00:01.000000 UTC
5,PETR,PETROBRAS,"PETRÓLEO, GÁS E BIOCOMBUSTÍVEIS","PETRÓLEO, GÁS E BIOCOMBUSTÍVEIS","EXPLORAÇÃO, REFINO E DISTRIBUIÇÃO",N2,,"PETR4, PETR3",33.000.167/0001-01,33000167000101,2021-10-22 01:00:01.000000 UTC,2021-10-22 01:00:01.000000 UTC
6,BRDT,PETROBRAS BR,"PETRÓLEO, GÁS E BIOCOMBUSTÍVEIS","PETRÓLEO, GÁS E BIOCOMBUSTÍVEIS","EXPLORAÇÃO, REFINO E DISTRIBUIÇÃO",NM,,BRDT3,34.274.233/0001-02,34274233000102,2021-10-22 01:00:01.000000 UTC,2021-10-22 01:00:01.000000 UTC
7,PRIO,PETRORIO,"PETRÓLEO, GÁS E BIOCOMBUSTÍVEIS","PETRÓLEO, GÁS E BIOCOMBUSTÍVEIS","EXPLORAÇÃO, REFINO E DISTRIBUIÇÃO",NM,,PRIO3,10.629.105/0001-68,10629105000168,2021-10-22 01:00:01.000000 UTC,2021-10-22 01:00:01.000000 UTC
8,UGPA,ULTRAPAR,"PETRÓLEO, GÁS E BIOCOMBUSTÍVEIS","PETRÓLEO, GÁS E BIOCOMBUSTÍVEIS","EXPLORAÇÃO, REFINO E DISTRIBUIÇÃO",NM,,UGPA3,33.256.439/0001-39,33256439000139,2021-10-22 01:00:01.000000 UTC,2021-10-22 01:00:01.000000 UTC
9,LUPA,LUPATECH,"PETRÓLEO, GÁS E BIOCOMBUSTÍVEIS","PETRÓLEO, GÁS E BIOCOMBUSTÍVEIS",EQUIPAMENTOS E SERVIÇOS,NM,,LUPA3,89.463.822/0001-12,89463822000112,2021-10-22 01:00:01.000000 UTC,2021-10-22 01:00:01.000000 UTC
15,VALE,VALE,MATERIAIS BÁSICOS,MINERAÇÃO,MINERAIS METÁLICOS,NM,,VALE3,33.592.510/0001-54,33592510000154,2021-10-22 01:00:01.000000 UTC,2021-10-22 01:00:01.000000 UTC
16,FESA,FERBASA,MATERIAIS BÁSICOS,SIDERURGIA E METALURGIA,SIDERURGIA,N1,,"FESA4, FESA3",15.141.799/0001-03,15141799000103,2021-10-22 01:00:01.000000 UTC,2021-10-22 01:00:01.000000 UTC
17,GGBR,GERDAU,MATERIAIS BÁSICOS,SIDERURGIA E METALURGIA,SIDERURGIA,N1,,"GGBR3, GGBR4",33.611.500/0001-19,33611500000119,2021-10-22 01:00:01.000000 UTC,2021-10-22 01:00:01.000000 UTC
18,GOAU,GERDAU MET,MATERIAIS BÁSICOS,SIDERURGIA E METALURGIA,SIDERURGIA,N1,,"GOAU3, GOAU4",92.690.783/0001-09,92690783000109,2021-10-22 01:00:01.000000 UTC,2021-10-22 01:00:01.000000 UTC
20,USIM,USIMINAS,MATERIAIS BÁSICOS,SIDERURGIA E METALURGIA,SIDERURGIA,N1,,"USIM6, USIM5, USIM3",60.894.730/0001-05,60894730000105,2021-10-22 01:00:01.000000 UTC,2021-10-22 01:00:01.000000 UTC
24,PMAM,PARANAPANEMA,MATERIAIS BÁSICOS,SIDERURGIA E METALURGIA,ARTEFATOS DE COBRE,NM,,PMAM3,60.398.369/0004-79,60398369000479,2021-10-22 01:00:01.000000 UTC,2021-10-22 01:00:01.000000 UTC
25,BRKM,BRASKEM,MATERIAIS BÁSICOS,QUÍMICOS,PETROQUÍMICOS,N1,,"BRKM6, BRKM5, BRKM3",42.150.391/0001-70,42150391000170,2021-10-22 01:00:01.000000 UTC,2021-10-22 01:00:01.000000 UTC
28,FHER,FER HERINGER,MATERIAIS BÁSICOS,QUÍMICOS,FERTILIZANTES E DEFENSIVOS,NM,,FHER3,22.266.175/0001-88,22266175000188,2021-10-22 01:00:01.000000 UTC,2021-10-22 01:00:01.000000 UTC
32,DTEX,DURATEX,MATERIAIS BÁSICOS,MADEIRA E PAPEL,MADEIRA,NM,,DTEX3,97.837.181/0001-47,97837181000147,2021-10-22 01:00:01.000000 UTC,2021-10-22 01:00:01.000000 UTC
33,EUCA,EUCATEX,MATERIAIS BÁSICOS,MADEIRA E PAPEL,MADEIRA,N1,,"EUCA4, EUCA3",56.643.018/0001-66,56643018000166,2021-10-22 01:00:01.000000 UTC,2021-10-22 01:00:01.000000 UTC
35,KLBN,KLABIN S/A,MATERIAIS BÁSICOS,MADEIRA E PAPEL,PAPEL E CELULOSE,N2,,"KLBN11, KLBN3, KLBN4",89.637.490/0001-45,89637490000145,2021-10-22 01:00:01.000000 UTC,2021-10-22 01:00:01.000000 UTC
39,SUZB,SUZANO S.A.,MATERIAIS BÁSICOS,MADEIRA E PAPEL,PAPEL E CELULOSE,NM,,SUZB3,16.404.287/0001-55,16404287000155,2021-10-22 01:00:01.000000 UTC,2021-10-22 01:00:01.000000 UTC
42,ETER,ETERNIT,BENS INDUSTRIAIS,CONSTRUÇÃO E ENGENHARIA,PRODUTOS PARA CONSTRUÇÃO,NM,,ETER3,61.092.037/0001-81,61092037000181,2021-10-22 01:00:01.000000 UTC,2021-10-22 01:00:01.000000 UTC
44,PTBL,PORTOBELLO,BENS INDUSTRIAIS,CONSTRUÇÃO E ENGENHARIA,PRODUTOS PARA CONSTRUÇÃO,NM,,PTBL3,83.475.913/0001-91,83475913000191,2021-10-22 01:00:01.000000 UTC,2021-10-22 01:00:01.000000 UTC
48,MILS,MILLS,BENS INDUSTRIAIS,CONSTRUÇÃO E ENGENHARIA,SERVIÇOS DIVERSOS,NM,,MILS3,27.093.558/0001-15,27093558000115,2021-10-22 01:00:01.000000 UTC,2021-10-22 01:00:01.000000 UTC
50,FRAS,FRAS-LE,BENS INDUSTRIAIS,MATERIAL DE TRANSPORTE,MATERIAL RODOVIÁRIO,N1,,FRAS3,88.610.126/0001-29,88610126000129,2021-10-22 01:00:01.000000 UTC,2021-10-22 01:00:01.000000 UTC
51,POMO,MARCOPOLO,BENS INDUSTRIAIS,MATERIAL DE TRANSPORTE,MATERIAL RODOVIÁRIO,N2,,"POMO4, POMO3",88.611.835/0001-29,88611835000129,2021-10-22 01:00:01.000000 UTC,2021-10-22 01:00:01.000000 UTC
52,RAPT,RANDON PART,BENS INDUSTRIAIS,MATERIAL DE TRANSPORTE,MATERIAL RODOVIÁRIO,N1,,"RAPT4, RAPT3",89.086.144/0001-16,89086144000116,2021-10-22 01:00:01.000000 UTC,2021-10-22 01:00:01.000000 UTC
55,TUPY,TUPY,BENS INDUSTRIAIS,MATERIAL DE TRANSPORTE,MATERIAL RODOVIÁRIO,NM,,TUPY3,84.683.374/0001-49,84683374000149,2021-10-22 01:00:01.000000 UTC,2021-10-22 01:00:01.000000 UTC
58,WEGE,WEG,BENS INDUSTRIAIS,MÁQUINAS E EQUIPAMENTOS,"MOTORES, COMPRESSORES E OUTROS",NM,,WEGE3,84.429.695/0001-11,84429695000111,2021-10-22 01:00:01.000000 UTC,2021-10-22 01:00:01.000000 UTC
61,ROMI,INDS ROMI,BENS INDUSTRIAIS,MÁQUINAS E EQUIPAMENTOS,MÁQ. E EQUIP. INDUSTRIAIS,NM,,ROMI3,56.720.428/0001-63,56720428000163,2021-10-22 01:00:01.000000 UTC,2021-10-22 01:00:01.000000 UTC
69,TASA,TAURUS ARMAS,BENS INDUSTRIAIS,MÁQUINAS E EQUIPAMENTOS,ARMAS E MUNIÇÕES,N2,,"TASA13, TASA15, TASA17, TASA3, TASA4",92.781.335/0001-02,92781335000102,2021-10-22 01:00:01.000000 UTC,2021-10-22 01:00:01.000000 UTC
72,FRRN,ALL NORTE,BENS INDUSTRIAIS,TRANSPORTE,TRANSPORTE FERROVIÁRIO,MB,,"FRRN3B, FRRN5B, FRRN6B",24.962.466/0001-36,24962466000136,2021-10-22 01:00:01.000000 UTC,2021-10-22 01:00:01.000000 UTC
74,RLOG,COSAN LOG,BENS INDUSTRIAIS,TRANSPORTE,TRANSPORTE FERROVIÁRIO,NM,,RLOG3,17.346.997/0001-39,17346997000139,2021-10-22 01:00:01.000000 UTC,2021-10-22 01:00:01.000000 UTC
78,LOGN,LOG-IN,BENS INDUSTRIAIS,TRANSPORTE,TRANSPORTE HIDROVIÁRIO,NM,,LOGN3,42.278.291/0001-24,42278291000124,2021-10-22 01:00:01.000000 UTC,2021-10-22 01:00:01.000000 UTC
80,JSLG,JSL,BENS INDUSTRIAIS,TRANSPORTE,TRANSPORTE RODOVIÁRIO,NM,,JSLG3,52.548.435/0001-79,52548435000179,2021-10-22 01:00:01.000000 UTC,2021-10-22 01:00:01.000000 UTC
107,FLEX,FLEX S/A,BENS INDUSTRIAIS,SERVIÇOS DIVERSOS,SERVIÇOS DIVERSOS,MA,,FLEX3,10.851.805/0001-00,10851805000100,2021-10-22 01:00:01.000000 UTC,2021-10-22 01:00:01.000000 UTC
108,PRNR,PRINER,BENS INDUSTRIAIS,SERVIÇOS DIVERSOS,SERVIÇOS DIVERSOS,MA,,PRNR3,18.593.815/0001-97,18593815000197,2021-10-22 01:00:01.000000 UTC,2021-10-22 01:00:01.000000 UTC
109,VLID,VALID,BENS INDUSTRIAIS,SERVIÇOS DIVERSOS,SERVIÇOS DIVERSOS,NM,,VLID3,33.113.309/0001-47,33113309000147,2021-10-22 01:00:01.000000 UTC,2021-10-22 01:00:01.000000 UTC
115,FRTA,POMIFRUTAS,CONSUMO NÃO CÍCLICO,AGROPECUÁRIA,AGRICULTURA,NM,,FRTA3,86.550.951/0001-50,86550951000150,2021-10-22 01:00:01.000000 UTC,2021-10-22 01:00:01.000000 UTC
116,SLCE,SLC AGRICOLA,CONSUMO NÃO CÍCLICO,AGROPECUÁRIA,AGRICULTURA,NM,,SLCE3,89.096.457/0001-55,89096457000155,2021-10-22 01:00:01.000000 UTC,2021-10-22 01:00:01.000000 UTC
118,BSEV,BIOSEV,CONSUMO NÃO CÍCLICO,ALIMENTOS PROCESSADOS,AÇUCAR E ALCOOL,NM,,BSEV3,15.527.906/0001-36,15527906000136,2021-10-22 01:00:01.000000 UTC,2021-10-22 01:00:01.000000 UTC
120,SMTO,SAO MARTINHO,CONSUMO NÃO CÍCLICO,ALIMENTOS PROCESSADOS,AÇUCAR E ALCOOL,NM,,SMTO3,51.466.860/0001-56,51466860000156,2021-10-22 01:00:01.000000 UTC,2021-10-22 01:00:01.000000 UTC
125,BEEF,MINERVA,CONSUMO NÃO CÍCLICO,ALIMENTOS PROCESSADOS,CARNES E DERIVADOS,NM,,"BEEF3, BEEF11",67.620.377/0001-14,67620377000114,2021-10-22 01:00:01.000000 UTC,2021-10-22 01:00:01.000000 UTC
127,CAML,CAMIL,CONSUMO NÃO CÍCLICO,ALIMENTOS PROCESSADOS,ALIMENTOS DIVERSOS,NM,,CAML3,64.904.295/0001-03,64904295000103,2021-10-22 01:00:01.000000 UTC,2021-10-22 01:00:01.000000 UTC
133,NTCO,GRUPO NATURA,CONSUMO NÃO CÍCLICO,PRODUTOS DE USO PESSOAL E DE LIMPEZA,PRODUTOS DE USO PESSOAL,NM,,NTCO3,32.785.497/0001-97,32785497000197,2021-10-22 01:00:01.000000 UTC,2021-10-22 01:00:01.000000 UTC
135,CRFB,CARREFOUR BR,CONSUMO NÃO CÍCLICO,COMÉRCIO E DISTRIBUIÇÃO,ALIMENTOS,NM,,CRFB3,75.315.333/0001-09,75315333000109,2021-10-22 01:00:01.000000 UTC,2021-10-22 01:00:01.000000 UTC
136,PCAR,P.ACUCAR-CBD,CONSUMO NÃO CÍCLICO,COMÉRCIO E DISTRIBUIÇÃO,ALIMENTOS,N1,,PCAR3,47.508.411/0001-56,47508411000156,2021-10-22 01:00:01.000000 UTC,2021-10-22 01:00:01.000000 UTC
139,CYRE,CYRELA REALT,CONSUMO CÍCLICO,CONSTRUÇÃO CIVIL,INCORPORAÇÕES,NM,,CYRE3,73.178.600/0001-18,73178600000118,2021-10-22 01:00:01.000000 UTC,2021-10-22 01:00:01.000000 UTC
140,DIRR,DIRECIONAL,CONSUMO CÍCLICO,CONSTRUÇÃO CIVIL,INCORPORAÇÕES,NM,,DIRR3,16.614.075/0001-00,16614075000100,2021-10-22 01:00:01.000000 UTC,2021-10-22 01:00:01.000000 UTC
141,EVEN,EVEN,CONSUMO CÍCLICO,CONSTRUÇÃO CIVIL,INCORPORAÇÕES,NM,,EVEN3,43.470.988/0001-65,43470988000165,2021-10-22 01:00:01.000000 UTC,2021-10-22 01:00:01.000000 UTC
144,HBOR,HELBOR,CONSUMO CÍCLICO,CONSTRUÇÃO CIVIL,INCORPORAÇÕES,NM,,HBOR3,49.263.189/0001-02,49263189000102,2021-10-22 01:00:01.000000 UTC,2021-10-22 01:00:01.000000 UTC
149,MDNE,MOURA DUBEUX,CONSUMO CÍCLICO,CONSTRUÇÃO CIVIL,INCORPORAÇÕES,NM,,MDNE3,12.049.631/0001-84,12049631000184,2021-10-22 01:00:01.000000 UTC,2021-10-22 01:00:01.000000 UTC
152,RDNI,RNI,CONSUMO CÍCLICO,CONSTRUÇÃO CIVIL,INCORPORAÇÕES,NM,,RDNI3,67.010.660/0001-24,67010660000124,2021-10-22 01:00:02.000000 UTC,2021-10-22 01:00:02.000000 UTC
153,RSID,ROSSI RESID,CONSUMO CÍCLICO,CONSTRUÇÃO CIVIL,INCORPORAÇÕES,NM,,RSID3,61.065.751/0001-80,61065751000180,2021-10-22 01:00:02.000000 UTC,2021-10-22 01:00:02.000000 UTC
155,TEND,TENDA,CONSUMO CÍCLICO,CONSTRUÇÃO CIVIL,INCORPORAÇÕES,NM,,TEND3,71.476.527/0001-35,71476527000135,2021-10-22 01:00:02.000000 UTC,2021-10-22 01:00:02.000000 UTC
157,VIVR,VIVER,CONSUMO CÍCLICO,CONSTRUÇÃO CIVIL,INCORPORAÇÕES,NM,,VIVR3,67.571.414/0001-41,67571414000141,2021-10-22 01:00:02.000000 UTC,2021-10-22 01:00:02.000000 UTC
158,CEDO,CEDRO,CONSUMO CÍCLICO,"TECIDOS, VESTUÁRIO E CALÇADOS",FIOS E TECIDOS,N1,,"CEDO4, CEDO3",17.245.234/0001-00,17245234000100,2021-10-22 01:00:02.000000 UTC,2021-10-22 01:00:02.000000 UTC
169,HGTX,CIA HERING,CONSUMO CÍCLICO,"TECIDOS, VESTUÁRIO E CALÇADOS",VESTUÁRIO,NM,,HGTX3,78.876.950/0001-71,78876950000171,2021-10-22 01:00:02.000000 UTC,2021-10-22 01:00:02.000000 UTC
170,ALPA,ALPARGATAS,CONSUMO CÍCLICO,"TECIDOS, VESTUÁRIO E CALÇADOS",CALÇADOS,N1,,"ALPA3, ALPA4",61.079.117/0001-05,61079117000105,2021-10-22 01:00:02.000000 UTC,2021-10-22 01:00:02.000000 UTC
172,GRND,GRENDENE,CONSUMO CÍCLICO,"TECIDOS, VESTUÁRIO E CALÇADOS",CALÇADOS,NM,,GRND3,89.850.341/0001-60,89850341000160,2021-10-22 01:00:02.000000 UTC,2021-10-22 01:00:02.000000 UTC
173,VULC,VULCABRAS,CONSUMO CÍCLICO,"TECIDOS, VESTUÁRIO E CALÇADOS",CALÇADOS,NM,,VULC3,50.926.955/0001-42,50926955000142,2021-10-22 01:00:02.000000 UTC,2021-10-22 01:00:02.000000 UTC
176,VIVA,VIVARA S.A.,CONSUMO CÍCLICO,"TECIDOS, VESTUÁRIO E CALÇADOS",ACESSÓRIOS,NM,,VIVA3,33.839.910/0001-11,33839910000111,2021-10-22 01:00:02.000000 UTC,2021-10-22 01:00:02.000000 UTC
178,UCAS,UNICASA,CONSUMO CÍCLICO,UTILIDADES DOMÉSTICAS,MÓVEIS,NM,,UCAS3,90.441.460/0001-48,90441460000148,2021-10-22 01:00:02.000000 UTC,2021-10-22 01:00:02.000000 UTC
180,MYPK,IOCHP-MAXION,CONSUMO CÍCLICO,AUTOMÓVEIS E MOTOCICLETAS,AUTOMÓVEIS E MOTOCICLETAS,NM,,MYPK3,61.156.113/0001-75,61156113000175,2021-10-22 01:00:02.000000 UTC,2021-10-22 01:00:02.000000 UTC
181,LEVE,METAL LEVE,CONSUMO CÍCLICO,AUTOMÓVEIS E MOTOCICLETAS,AUTOMÓVEIS E MOTOCICLETAS,NM,,LEVE3,60.476.884/0001-87,60476884000187,2021-10-22 01:00:02.000000 UTC,2021-10-22 01:00:02.000000 UTC
184,BKBR,BK BRASIL,CONSUMO CÍCLICO,HOTEIS E RESTAURANTES,RESTAURANTE E SIMILARES,NM,,BKBR3,13.574.594/0001-96,13574594000196,2021-10-22 01:00:02.000000 UTC,2021-10-22 01:00:02.000000 UTC
185,MEAL,IMC S/A,CONSUMO CÍCLICO,HOTEIS E RESTAURANTES,RESTAURANTE E SIMILARES,NM,,MEAL3,17.314.329/0001-20,17314329000120,2021-10-22 01:00:02.000000 UTC,2021-10-22 01:00:02.000000 UTC
190,CVCB,CVC BRASIL,CONSUMO CÍCLICO,VIAGENS E LAZER,VIAGENS E TURISMO,NM,,CVCB3,10.760.260/0001-19,10760260000119,2021-10-22 01:00:02.000000 UTC,2021-10-22 01:00:02.000000 UTC
193,BAHI,BAHEMA,CONSUMO CÍCLICO,DIVERSOS,SERVIÇOS EDUCACIONAIS,MA,,BAHI3,45.987.245/0001-92,45987245000192,2021-10-22 01:00:02.000000 UTC,2021-10-22 01:00:02.000000 UTC
197,RENT,LOCALIZA,CONSUMO CÍCLICO,DIVERSOS,ALUGUEL DE CARROS,NM,,RENT3,16.670.085/0001-55,16670085000155,2021-10-22 01:00:02.000000 UTC,2021-10-22 01:00:02.000000 UTC
198,LCAM,LOCAMERICA,CONSUMO CÍCLICO,DIVERSOS,ALUGUEL DE CARROS,NM,,LCAM3,10.215.988/0001-60,10215988000160,2021-10-22 01:00:02.000000 UTC,2021-10-22 01:00:02.000000 UTC
200,MOVI,MOVIDA,CONSUMO CÍCLICO,DIVERSOS,ALUGUEL DE CARROS,NM,,MOVI3,21.314.559/0001-66,21314559000166,2021-10-22 01:00:02.000000 UTC,2021-10-22 01:00:02.000000 UTC
203,ARZZ,AREZZO CO,CONSUMO CÍCLICO,COMÉRCIO,"TECIDOS, VESTUÁRIO E CALÇADOS",NM,,ARZZ3,16.590.234/0001-76,16590234000176,2021-10-22 01:00:02.000000 UTC,2021-10-22 01:00:02.000000 UTC
204,CEAB,CEA MODAS,CONSUMO CÍCLICO,COMÉRCIO,"TECIDOS, VESTUÁRIO E CALÇADOS",NM,,CEAB3,45.242.914/0001-05,45242914000105,2021-10-22 01:00:02.000000 UTC,2021-10-22 01:00:02.000000 UTC
207,LLIS,LE LIS BLANC,CONSUMO CÍCLICO,COMÉRCIO,"TECIDOS, VESTUÁRIO E CALÇADOS",NM,,LLIS3,49.669.856/0001-43,49669856000143,2021-10-22 01:00:02.000000 UTC,2021-10-22 01:00:02.000000 UTC
208,AMAR,LOJAS MARISA,CONSUMO CÍCLICO,COMÉRCIO,"TECIDOS, VESTUÁRIO E CALÇADOS",NM,,AMAR3,61.189.288/0001-89,61189288000189,2021-10-22 01:00:02.000000 UTC,2021-10-22 01:00:02.000000 UTC
209,LREN,LOJAS RENNER,CONSUMO CÍCLICO,COMÉRCIO,"TECIDOS, VESTUÁRIO E CALÇADOS",NM,,LREN3,92.754.738/0001-62,92754738000162,2021-10-22 01:00:02.000000 UTC,2021-10-22 01:00:02.000000 UTC
210,MGLU,MAGAZ LUIZA,CONSUMO CÍCLICO,COMÉRCIO,ELETRODOMÉSTICOS,NM,,MGLU3,47.960.950/0001-21,47960950000121,2021-10-22 01:00:02.000000 UTC,2021-10-22 01:00:02.000000 UTC
211,VVAR,VIAVAREJO,CONSUMO CÍCLICO,COMÉRCIO,ELETRODOMÉSTICOS,NM,,VVAR3,33.041.260/0652-90,33041260065290,2021-10-22 01:00:02.000000 UTC,2021-10-22 01:00:02.000000 UTC
213,CNTO,CENTAURO,CONSUMO CÍCLICO,COMÉRCIO,PRODUTOS DIVERSOS,NM,,CNTO3,13.217.485/0001-11,13217485000111,2021-10-22 01:00:02.000000 UTC,2021-10-22 01:00:02.000000 UTC
214,LAME,LOJAS AMERIC,CONSUMO CÍCLICO,COMÉRCIO,PRODUTOS DIVERSOS,N1,,"LAME3, LAME4",33.014.556/0001-96,33014556000196,2021-10-22 01:00:02.000000 UTC,2021-10-22 01:00:02.000000 UTC
215,SLED,SARAIVA LIVR,CONSUMO CÍCLICO,COMÉRCIO,PRODUTOS DIVERSOS,N2,,"SLED4, SLED3",60.500.139/0001-26,60500139000126,2021-10-22 01:00:02.000000 UTC,2021-10-22 01:00:02.000000 UTC
217,GBIO,BIOTOSCANA,SAÚDE,MEDICAMENTOS E OUTROS PRODUTOS,MEDICAMENTOS E OUTROS PRODUTOS,DR3,,GBIO33,19.688.956/0001-56,19688956000156,2021-10-22 01:00:02.000000 UTC,2021-10-22 01:00:02.000000 UTC
218,NRTQ,NORTCQUIMICA,SAÚDE,MEDICAMENTOS E OUTROS PRODUTOS,MEDICAMENTOS E OUTROS PRODUTOS,MA,,NRTQ3,29.950.060/0001-57,29950060000157,2021-10-22 01:00:02.000000 UTC,2021-10-22 01:00:02.000000 UTC
219,OFSA,OUROFINO S/A,SAÚDE,MEDICAMENTOS E OUTROS PRODUTOS,MEDICAMENTOS E OUTROS PRODUTOS,NM,,OFSA3,20.258.278/0001-70,20258278000170,2021-10-22 01:00:02.000000 UTC,2021-10-22 01:00:02.000000 UTC
221,AALR,ALLIAR,SAÚDE,"SERVIÇOS MÉDICO - HOSPITALARES, ANÁLISES E DIAGNÓSTICOS","SERVIÇOS MÉDICO - HOSPITALARES, ANÁLISES E DIAGNÓSTICOS",NM,,AALR3,42.771.949/0001-35,42771949000135,2021-10-22 01:00:02.000000 UTC,2021-10-22 01:00:02.000000 UTC
223,FLRY,FLEURY,SAÚDE,"SERVIÇOS MÉDICO - HOSPITALARES, ANÁLISES E DIAGNÓSTICOS","SERVIÇOS MÉDICO - HOSPITALARES, ANÁLISES E DIAGNÓSTICOS",NM,,FLRY3,60.840.055/0001-31,60840055000131,2021-10-22 01:00:02.000000 UTC,2021-10-22 01:00:02.000000 UTC
225,PARD,IHPARDINI,SAÚDE,"SERVIÇOS MÉDICO - HOSPITALARES, ANÁLISES E DIAGNÓSTICOS","SERVIÇOS MÉDICO - HOSPITALARES, ANÁLISES E DIAGNÓSTICOS",NM,,PARD3,19.378.769/0001-76,19378769000176,2021-10-22 01:00:02.000000 UTC,2021-10-22 01:00:02.000000 UTC
226,GNDI,INTERMEDICA,SAÚDE,"SERVIÇOS MÉDICO - HOSPITALARES, ANÁLISES E DIAGNÓSTICOS","SERVIÇOS MÉDICO - HOSPITALARES, ANÁLISES E DIAGNÓSTICOS",NM,,GNDI3,19.853.511/0001-84,19853511000184,2021-10-22 01:00:02.000000 UTC,2021-10-22 01:00:02.000000 UTC
227,ODPV,ODONTOPREV,SAÚDE,"SERVIÇOS MÉDICO - HOSPITALARES, ANÁLISES E DIAGNÓSTICOS","SERVIÇOS MÉDICO - HOSPITALARES, ANÁLISES E DIAGNÓSTICOS",NM,,ODPV3,58.119.199/0001-51,58119199000151,2021-10-22 01:00:02.000000 UTC,2021-10-22 01:00:02.000000 UTC
228,QUAL,QUALICORP,SAÚDE,"SERVIÇOS MÉDICO - HOSPITALARES, ANÁLISES E DIAGNÓSTICOS","SERVIÇOS MÉDICO - HOSPITALARES, ANÁLISES E DIAGNÓSTICOS",NM,,QUAL3,11.992.680/0001-93,11992680000193,2021-10-22 01:00:02.000000 UTC,2021-10-22 01:00:02.000000 UTC
233,PFRM,PROFARMA,SAÚDE,COMÉRCIO E DISTRIBUIÇÃO,MEDICAMENTOS E OUTROS PRODUTOS,NM,,PFRM3,45.453.214/0001-51,45453214000151,2021-10-22 01:00:02.000000 UTC,2021-10-22 01:00:02.000000 UTC
234,RADL,RAIADROGASIL,SAÚDE,COMÉRCIO E DISTRIBUIÇÃO,MEDICAMENTOS E OUTROS PRODUTOS,NM,,RADL3,61.585.865/0001-51,61585865000151,2021-10-22 01:00:02.000000 UTC,2021-10-22 01:00:02.000000 UTC
235,POSI,POSITIVO TEC,TECNOLOGIA DA INFORMAÇÃO,COMPUTADORES E EQUIPAMENTOS,COMPUTADORES E EQUIPAMENTOS,NM,,POSI3,81.243.735/0001-48,81243735000148,2021-10-22 01:00:02.000000 UTC,2021-10-22 01:00:02.000000 UTC
236,BRQB,BRQ,TECNOLOGIA DA INFORMAÇÃO,PROGRAMAS E SERVIÇOS,PROGRAMAS E SERVIÇOS,MA,,BRQB3,36.542.025/0001-64,36542025000164,2021-10-22 01:00:02.000000 UTC,2021-10-22 01:00:02.000000 UTC
239,QUSW,QUALITY SOFT,TECNOLOGIA DA INFORMAÇÃO,PROGRAMAS E SERVIÇOS,PROGRAMAS E SERVIÇOS,MA,,QUSW3,35.791.391/0001-94,35791391000194,2021-10-22 01:00:02.000000 UTC,2021-10-22 01:00:02.000000 UTC
241,TOTS,TOTVS,TECNOLOGIA DA INFORMAÇÃO,PROGRAMAS E SERVIÇOS,PROGRAMAS E SERVIÇOS,NM,,TOTS3,53.113.791/0001-22,53113791000122,2021-10-22 01:00:02.000000 UTC,2021-10-22 01:00:02.000000 UTC
243,OIBR,OI,COMUNICAÇÕES,TELECOMUNICAÇÕES,TELECOMUNICAÇÕES,N1,,"OIBR4, OIBR3",76.535.764/0001-43,76535764000143,2021-10-22 01:00:02.000000 UTC,2021-10-22 01:00:02.000000 UTC
256,EEEL,CEEE-GT,UTILIDADE PÚBLICA,ENERGIA ELÉTRICA,ENERGIA ELÉTRICA,N1,,"EEEL4, EEEL3",92.715.812/0001-31,92715812000131,2021-10-22 01:00:02.000000 UTC,2021-10-22 01:00:02.000000 UTC
257,CLSC,CELESC,UTILIDADE PÚBLICA,ENERGIA ELÉTRICA,ENERGIA ELÉTRICA,N2,,"CLSC4, CLSC3",83.878.892/0001-55,83878892000155,2021-10-22 01:00:02.000000 UTC,2021-10-22 01:00:02.000000 UTC
260,CMIG,CEMIG,UTILIDADE PÚBLICA,ENERGIA ELÉTRICA,ENERGIA ELÉTRICA,N1,,"CMIG4, CMIG3",17.155.730/0001-64,17155730000164,2021-10-22 01:00:02.000000 UTC,2021-10-22 01:00:02.000000 UTC
263,CESP,CESP,UTILIDADE PÚBLICA,ENERGIA ELÉTRICA,ENERGIA ELÉTRICA,N1,,"CESP6, CESP5, CESP3",60.933.603/0001-78,60933603000178,2021-10-22 01:00:02.000000 UTC,2021-10-22 01:00:02.000000 UTC
266,CPLE,COPEL,UTILIDADE PÚBLICA,ENERGIA ELÉTRICA,ENERGIA ELÉTRICA,N1,,"CPLE6, CPLE5, CPLE3",76.483.817/0001-20,76483817000120,2021-10-22 01:00:02.000000 UTC,2021-10-22 01:00:02.000000 UTC
306,CSMG,COPASA,UTILIDADE PÚBLICA,ÁGUA E SANEAMENTO,ÁGUA E SANEAMENTO,NM,,CSMG3,17.281.106/0001-03,17281106000103,2021-10-22 01:00:02.000000 UTC,2021-10-22 01:00:02.000000 UTC
308,SBSP,SABESP,UTILIDADE PÚBLICA,ÁGUA E SANEAMENTO,ÁGUA E SANEAMENTO,NM,,SBSP3,43.776.517/0001-80,43776517000180,2021-10-22 01:00:02.000000 UTC,2021-10-22 01:00:02.000000 UTC
309,SAPR,SANEPAR,UTILIDADE PÚBLICA,ÁGUA E SANEAMENTO,ÁGUA E SANEAMENTO,N2,,"SAPR4, SAPR3, SAPR11",76.484.013/0001-45,76484013000145,2021-10-22 01:00:02.000000 UTC,2021-10-22 01:00:02.000000 UTC
313,ABCB,ABC BRASIL,FINANCEIRO,INTERMEDIÁRIOS FINANCEIROS,BANCOS,N2,,ABCB4,28.195.667/0001-06,28195667000106,2021-10-22 01:00:02.000000 UTC,2021-10-22 01:00:02.000000 UTC
317,BMGB,BANCO BMG,FINANCEIRO,INTERMEDIÁRIOS FINANCEIROS,BANCOS,N1,,BMGB4,61.186.680/0001-74,61186680000174,2021-10-22 01:00:02.000000 UTC,2021-10-22 01:00:02.000000 UTC
319,BPAN,BANCO PAN,FINANCEIRO,INTERMEDIÁRIOS FINANCEIROS,BANCOS,N1,,BPAN4,59.285.411/0001-13,59285411000113,2021-10-22 01:00:02.000000 UTC,2021-10-22 01:00:02.000000 UTC
323,BRSR,BANRISUL,FINANCEIRO,INTERMEDIÁRIOS FINANCEIROS,BANCOS,N1,,"BRSR6, BRSR5, BRSR3",92.702.067/0001-96,92702067000196,2021-10-22 01:00:02.000000 UTC,2021-10-22 01:00:02.000000 UTC
324,BBDC,BRADESCO,FINANCEIRO,INTERMEDIÁRIOS FINANCEIROS,BANCOS,N1,,"BBDC4, BBDC3",60.746.948/0001-12,60746948000112,2021-10-22 01:00:02.000000 UTC,2021-10-22 01:00:02.000000 UTC
328,IDVL,INDUSVAL,FINANCEIRO,INTERMEDIÁRIOS FINANCEIROS,BANCOS,N2,,"IDVL3, IDVL4",61.024.352/0001-71,61024352000171,2021-10-22 01:00:02.000000 UTC,2021-10-22 01:00:02.000000 UTC
329,ITSA,ITAUSA,FINANCEIRO,INTERMEDIÁRIOS FINANCEIROS,BANCOS,N1,,"ITSA3, ITSA4",61.532.644/0001-15,61532644000115,2021-10-22 01:00:02.000000 UTC,2021-10-22 01:00:02.000000 UTC
330,ITUB,ITAUUNIBANCO,FINANCEIRO,INTERMEDIÁRIOS FINANCEIROS,BANCOS,N1,,"ITUB3, ITUB4",60.872.504/0001-23,60872504000123,2021-10-22 01:00:02.000000 UTC,2021-10-22 01:00:02.000000 UTC
335,PINE,PINE,FINANCEIRO,INTERMEDIÁRIOS FINANCEIROS,BANCOS,N2,,"PINE3, PINE4",62.144.175/0001-20,62144175000120,2021-10-22 01:00:02.000000 UTC,2021-10-22 01:00:02.000000 UTC
362,PPLA,PPLA,FINANCEIRO,SERVIÇOS FINANCEIROS DIVERSOS,GESTÃO DE RECURSOS E INVESTIMENTOS,DR3,,PPLA11,15.073.274/0001-88,15073274000188,2021-10-22 01:00:03.000000 UTC,2021-10-22 01:00:03.000000 UTC
366,BBSE,BBSEGURIDADE,FINANCEIRO,PREVIDÊNCIA E SEGUROS,SEGURADORAS,NM,,BBSE3,17.344.597/0001-94,17344597000194,2021-10-22 01:00:03.000000 UTC,2021-10-22 01:00:03.000000 UTC
367,IRBR,IRBBRASIL RE,FINANCEIRO,PREVIDÊNCIA E SEGUROS,SEGURADORAS,NM,,IRBR3,33.376.989/0001-91,33376989000191,2021-10-22 01:00:03.000000 UTC,2021-10-22 01:00:03.000000 UTC
370,SULA,SUL AMERICA,FINANCEIRO,PREVIDÊNCIA E SEGUROS,SEGURADORAS,N2,,"SULA11, SULA3, SULA4",29.978.814/0001-87,29978814000187,2021-10-22 01:00:03.000000 UTC,2021-10-22 01:00:03.000000 UTC
371,APER,ALPER S.A.,FINANCEIRO,PREVIDÊNCIA E SEGUROS,CORRETORAS DE SEGUROS,NM,,APER3,11.721.921/0001-60,11721921000160,2021-10-22 01:00:03.000000 UTC,2021-10-22 01:00:03.000000 UTC
372,WIZS,WIZ S.A.,FINANCEIRO,PREVIDÊNCIA E SEGUROS,CORRETORAS DE SEGUROS,NM,,WIZS3,42.278.473/0001-03,42278473000103,2021-10-22 01:00:03.000000 UTC,2021-10-22 01:00:03.000000 UTC
381,IGTA,IGUATEMI,FINANCEIRO,EXPLORAÇÃO DE IMÓVEIS,EXPLORAÇÃO DE IMÓVEIS,NM,,IGTA3,51.218.147/0001-93,51218147000193,2021-10-22 01:00:03.000000 UTC,2021-10-22 01:00:03.000000 UTC
386,SCAR,SAO CARLOS,FINANCEIRO,EXPLORAÇÃO DE IMÓVEIS,EXPLORAÇÃO DE IMÓVEIS,NM,,SCAR3,29.780.061/0001-09,29780061000109,2021-10-22 01:00:03.000000 UTC,2021-10-22 01:00:03.000000 UTC
415,RRRP,3R PETROLEUM,PETRÓLEO. GÁS E BIOCOMBUSTÍVEIS,PETRÓLEO. GÁS E BIOCOMBUSTÍVEIS,EXPLORAÇÃO. REFINO E DISTRIBUIÇÃO,NM,,RRRP3,12.091.809/0001-55,12091809000155,2021-10-22 01:00:03.000000 UTC,2021-10-22 01:00:03.000000 UTC
416,AERI,AERIS,BENS INDUSTRIAIS,MÁQUINAS E EQUIPAMENTOS,MÁQ. E EQUIP. INDUSTRIAIS,NM,,AERI3,12.528.708/0001-07,12528708000107,2021-10-22 01:00:03.000000 UTC,2021-10-22 01:00:03.000000 UTC
417,ALLD,ALLIED,CONSUMO CÍCLICO,COMÉRCIO,ELETRODOMÉSTICOS,NM,,ALLD3,20.247.322/0001-47,20247322000147,2021-10-22 01:00:03.000000 UTC,2021-10-22 01:00:03.000000 UTC
418,ALPK,ESTAPAR,BENS INDUSTRIAIS,SERVIÇOS,SERVIÇOS DIVERSOS,NM,,ALPK3,60.537.263/0001-66,60537263000166,2021-10-22 01:00:03.000000 UTC,2021-10-22 01:00:03.000000 UTC
419,AVLL,ALPHAVILLE,CONSUMO CÍCLICO,CONSTRUÇÃO CIVIL,INCORPORAÇÕES,NM,,AVLL3,16.811.931/0001-00,16811931000100,2021-10-22 01:00:03.000000 UTC,2021-10-22 01:00:03.000000 UTC
420,AMBP,AMBIPAR,UTILIDADE PÚBLICA,ÁGUA E SANEAMENTO,ÁGUA E SANEAMENTO,NM,,AMBP3,12.648.266/0001-24,12648266000124,2021-10-22 01:00:03.000000 UTC,2021-10-22 01:00:03.000000 UTC
422,BOAS,BOA VISTA,FINANCEIRO,SERVIÇOS FINANCEIROS DIVERSOS,SERVIÇOS FINANCEIROS DIVERSOS,NM,,BOAS3,11.725.176/0001-27,11725176000127,2021-10-22 01:00:03.000000 UTC,2021-10-22 01:00:03.000000 UTC
424,DMVF,D1000VFARMA,SAÚDE,COMÉRCIO E DISTRIBUIÇÃO,MEDICAMENTOS E OUTROS PRODUTOS,NM,,DMVF3,12.108.897/0001-50,12108897000150,2021-10-22 01:00:03.000000 UTC,2021-10-22 01:00:03.000000 UTC
425,ENJU,ENJOEI,TECNOLOGIA DA INFORMAÇÃO,PROGRAMAS E SERVIÇOS,PROGRAMAS E SERVIÇOS,NM,,ENJU3,16.922.038/0001-51,16922038000151,2021-10-22 01:00:03.000000 UTC,2021-10-22 01:00:03.000000 UTC
426,SOMA,GRUPO SOMA,CONSUMO CÍCLICO,COMÉRCIO,"TECIDOS, VESTUÁRIO E CALÇADOS",NM,,SOMA3,10.285.590/0001-08,10285590000108,2021-10-22 01:00:03.000000 UTC,2021-10-22 01:00:03.000000 UTC
427,GMAT,GRUPO MATEUS,CONSUMO NÃO CÍCLICO,COMÉRCIO E DISTRIBUIÇÃO,ALIMENTOS,NM,,GMAT3,24.990.777/0001-09,24990777000109,2021-10-22 01:00:03.000000 UTC,2021-10-22 01:00:03.000000 UTC
428,HBRE,HBR REALTY,FINANCEIRO,EXPLORAÇÃO DE IMÓVEIS,EXPLORAÇÃO DE IMÓVEIS,NM,,HBRE3,14.785.152/0001-51,14785152000151,2021-10-22 01:00:03.000000 UTC,2021-10-22 01:00:03.000000 UTC
429,LAVV,LAVVI,CONSUMO CÍCLICO,CONSTRUÇÃO CIVIL,INCORPORAÇÕES,NM,,LAVV3,26.462.693/0001-28,26462693000128,2021-10-22 01:00:03.000000 UTC,2021-10-22 01:00:03.000000 UTC
430,LJQQ,QUERO-QUERO,CONSUMO CÍCLICO,COMÉRCIO,PRODUTOS DIVERSOS,NM,,LJQQ3,96.418.264/0218-02,96418264021802,2021-10-22 01:00:03.000000 UTC,2021-10-22 01:00:03.000000 UTC
431,CASH,MELIUZ,TECNOLOGIA DA INFORMAÇÃO,PROGRAMAS E SERVIÇOS,PROGRAMAS E SERVIÇOS,NM,,CASH3,14.110.585/0001-07,14110585000107,2021-10-22 01:00:03.000000 UTC,2021-10-22 01:00:03.000000 UTC
432,MELK,MELNICK,CONSUMO CÍCLICO,CONSTRUÇÃO CIVIL,INCORPORAÇÕES,NM,,MELK3,12.181.987/0001-77,12181987000177,2021-10-22 01:00:03.000000 UTC,2021-10-22 01:00:03.000000 UTC
433,NGRD,NEOGRID,TECNOLOGIA DA INFORMAÇÃO,PROGRAMAS E SERVIÇOS,PROGRAMAS E SERVIÇOS,NM,,NGRD3,10.139.870/0001-08,10139870000108,2021-10-22 01:00:03.000000 UTC,2021-10-22 01:00:03.000000 UTC
434,PETZ,PETZ,CONSUMO CÍCLICO,COMÉRCIO,PRODUTOS DIVERSOS,NM,,PETZ3,18.328.118/0001-09,18328118000109,2021-10-22 01:00:03.000000 UTC,2021-10-22 01:00:03.000000 UTC
435,PLPL,PLANOEPLANO,CONSUMO CÍCLICO,CONSTRUÇÃO CIVIL,INCORPORAÇÕES,NM,,PLPL3,24.230.275/0001-80,24230275000180,2021-10-22 01:00:03.000000 UTC,2021-10-22 01:00:03.000000 UTC
441,TFCO,TRACK FIELD,CONSUMO CÍCLICO,"TECIDOS, VESTUÁRIO E CALÇADOS",VESTUÁRIO,N2,,TFCO4,59.418.806/0001-47,59418806000147,2021-10-22 01:00:03.000000 UTC,2021-10-22 01:00:03.000000 UTC
442,CSED,CRUZEIRO EDU,CONSUMO CÍCLICO,DIVERSOS,SERVIÇOS EDUCACIONAIS,NM,,CSED3,62.984.091/0001-02,62984091000102,2021-10-22 01:00:03.000000 UTC,2021-10-22 01:00:03.000000 UTC
445,DOTZ,DOTZ SA,CONSUMO CÍCLICO,DIVERSOS,PROGRAMAS DE FIDELIZAÇÃO,NM,,DOTZ3,18.174.270/0001-84,18174270000184,2021-10-22 01:00:03.000000 UTC,2021-10-22 01:00:03.000000 UTC
447,POWE,FOCUS ON,UTILIDADE PÚBLICA,ENERGIA ELÉTRICA,ENERGIA ELÉTRICA,NM,,POWE3,26.735.020/0001-02,26735020000102,2021-10-22 01:00:03.000000 UTC,2021-10-22 01:00:03.000000 UTC
448,G2DI,G2D INVEST,FINANCEIRO,SERVIÇOS FINANCEIROS DIVERSOS,GESTÃO DE RECURSOS E INVESTIMENTOS,DR3,,G2DI33,38.307.135/0001-77,38307135000177,2021-10-22 01:00:03.000000 UTC,2021-10-22 01:00:03.000000 UTC
449,NINJ,GETNINJAS,TECNOLOGIA DA INFORMAÇÃO,PROGRAMAS E SERVIÇOS,PROGRAMAS E SERVIÇOS,NM,,NINJ3,14.127.813/0001-51,14127813000151,2021-10-22 01:00:03.000000 UTC,2021-10-22 01:00:03.000000 UTC
451,MATD,MATER DEI,SAÚDE,"SERVIÇOS MÉDICO - HOSPITALARES, ANÁLISES E DIAGNÓSTICOS","SERVIÇOS MÉDICO - HOSPITALARES, ANÁLISES E DIAGNÓSTICOS",NM,,MATD3,16.676.520/0001-59,16676520000159,2021-10-22 01:00:03.000000 UTC,2021-10-22 01:00:03.000000 UTC
452,AESB,AES BRASIL,UTILIDADE PÚBLICA,ENERGIA ELÉTRICA,ENERGIA ELÉTRICA,NM,,AESB3,37.663.076/0001-07,37663076000107,2021-10-22 01:00:03.000000 UTC,2021-10-22 01:00:03.000000 UTC
453,AGXY,AGROGALAXY,CONSUMO NÃO CÍCLICO,AGROPECUÁRIA,AGRICULTURA,NM,,AGXY3,21.240.146/0001-84,21240146000184,2021-10-22 01:00:03.000000 UTC,2021-10-22 01:00:03.000000 UTC
455,MODL,MODALMAIS,FINANCEIRO,INTERMEDIÁRIOS FINANCEIROS,BANCOS,N2,,"MODL3, MODL4, MODL11",30.723.886/0001-62,30723886000162,2021-10-22 01:00:03.000000 UTC,2021-10-22 01:00:03.000000 UTC
457,SOJA,BOA SAFRA,CONSUMO CÍCLICO,AGROPECUÁRIA,AGRICULTURA,NM,,SOJA3,10.807.374/0001-77,10807374000177,2021-10-22 01:00:03.000000 UTC,2021-10-22 01:00:03.000000 UTC
458,BRBI,BR PARTNERS,FINANCEIRO,INTERMEDIÁRIOS FINANCEIROS,BANCOS,N2,,BRBI11,10.739.356/0001-03,10739356000103,2021-10-22 01:00:03.000000 UTC,2021-10-22 01:00:03.000000 UTC
459,BRIT,BRISANET,COMUNICAÇÕES,TELECOMUNICAÇÕES,TELECOMUNICAÇÕES,NM,,BRIT3,19.796.586/0001-70,19796586000170,2021-10-22 01:00:03.000000 UTC,2021-10-22 01:00:03.000000 UTC
461,CBAV,CBA,MATERIAIS BÁSICOS,MINERAÇÃO,MINERAIS METÁLICOS,NM,,CBAV3,61.409.892/0001-73,61409892000173,2021-10-22 01:00:03.000000 UTC,2021-10-22 01:00:03.000000 UTC
462,GRAO,AGRIBRASIL,CONSUMO NÃO CÍCLICO,AGROPECUÁRIA,AGRICULTURA,MA,,GRAO3,18.483.666/0001-03,18483666000103,2021-10-22 01:00:03.000000 UTC,2021-10-22 01:00:03.000000 UTC
463,IFCM,INFRACOMM,TECNOLOGIA DA INFORMAÇÃO,PROGRAMAS E SERVIÇOS,PROGRAMAS E SERVIÇOS,NM,,IFCM3,38.456.921/0001-36,38456921000136,2021-10-22 01:00:03.000000 UTC,2021-10-22 01:00:03.000000 UTC
464,INTB,INTELBRAS,TECNOLOGIA DA INFORMAÇÃO,COMPUTADORES E EQUIPAMENTOS,COMPUTADORES E EQUIPAMENTOS,NM,,INTB3,82.901.000/0001-27,82901000000127,2021-10-22 01:00:03.000000 UTC,2021-10-22 01:00:03.000000 UTC
467,KRSA,KORA SAUDE,SAÚDE,"SERVIÇOS MÉDICO - HOSPITALARES, ANÁLISES E DIAGNÓSTICOS","SERVIÇOS MÉDICO - HOSPITALARES, ANÁLISES E DIAGNÓSTICOS",NM,,KRSA3,13.270.520/0001-66,13270520000166,2021-10-22 01:00:03.000000 UTC,2021-10-22 01:00:03.000000 UTC
470,MBLY,MOBLY,TECNOLOGIA DA INFORMAÇÃO,PROGRAMAS E SERVIÇOS,PROGRAMAS E SERVIÇOS,NM,,MBLY3,31.553.627/0001-01,31553627000101,2021-10-22 01:00:03.000000 UTC,2021-10-22 01:00:03.000000 UTC
472,ESPA,ESPACOLASER,CONSUMO CÍCLICO,COMÉRCIO,PRODUTOS DIVERSOS,NM,,ESPA3,26.659.061/0001-59,26659061000159,2021-10-22 01:00:03.000000 UTC,2021-10-22 01:00:03.000000 UTC
473,MLAS,MULTILASER,TECNOLOGIA DA INFORMAÇÃO,COMPUTADORES E EQUIPAMENTOS,COMPUTADORES E EQUIPAMENTOS,NM,,MLAS3,59.717.553/0001-02,59717553000102,2021-10-22 01:00:03.000000 UTC,2021-10-22 01:00:03.000000 UTC
475,ONCO,ONCOCLINICAS,SAÚDE,"SERVIÇOS MÉDICO - HOSPITALARES, ANÁLISES E DIAGNÓSTICOS","SERVIÇOS MÉDICO - HOSPITALARES, ANÁLISES E DIAGNÓSTICOS",NM,,ONCO3,12.104.241/0004-02,12104241000402,2021-10-22 01:00:03.000000 UTC,2021-10-22 01:00:03.000000 UTC
476,ORVR,ORIZON,UTILIDADE PÚBLICA,ÁGUA E SANEAMENTO,ÁGUA E SANEAMENTO,NM,,ORVR3,11.421.994/0001-36,11421994000136,2021-10-22 01:00:03.000000 UTC,2021-10-22 01:00:03.000000 UTC
478,RAIZ,RAIZEN,CONSUMO NÃO CÍCLICO,AGROPECUÁRIA,AGRICULTURA,N2,,RAIZ4,33.453.598/0001-23,33453598000123,2021-10-22 01:00:03.000000 UTC,2021-10-22 01:00:03.000000 UTC
480,TRAD,TC,TECNOLOGIA DA INFORMAÇÃO,PROGRAMAS E SERVIÇOS,PROGRAMAS E SERVIÇOS,NM,,TRAD3,26.345.998/0001-50,26345998000150,2021-10-22 01:00:03.000000 UTC,2021-10-22 01:00:03.000000 UTC
482,LAND,TERRASANTAPA,CONSUMO NÃO CÍCLICO,AGROPECUÁRIA,AGRICULTURA,NM,,LAND3,40.337.136/0001-06,40337136000106,2021-10-22 01:00:03.000000 UTC,2021-10-22 01:00:03.000000 UTC
483,TTEN,3TENTOS,CONSUMO NÃO CÍCLICO,AGROPECUÁRIA,AGRICULTURA,NM,,TTEN3,94.813.102/0001-70,94813102000170,2021-10-22 01:00:03.000000 UTC,2021-10-22 01:00:03.000000 UTC
485,WEST,WESTWING,TECNOLOGIA DA INFORMAÇÃO,PROGRAMAS E SERVIÇOS,PROGRAMAS E SERVIÇOS,NM,,WEST3,14.776.142/0001-50,14776142000150,2021-10-22 01:00:03.000000 UTC,2021-10-22 01:00:03.000000 UTC